site,phylum,pct
TARA_004_DCM_0.22-1.6,Actinobacteria,0.04569
TARA_004_DCM_0.22-1.6,Bacteroidetes,0.08352
TARA_004_DCM_0.22-1.6,Cyanobacteria,0.08954
TARA_004_DCM_0.22-1.6,Deferribacteres,0.05881
TARA_004_DCM_0.22-1.6,Euryarchaeota,0.03353
TARA_004_DCM_0.22-1.6,other,0.02452
TARA_004_DCM_0.22-1.6,Proteobacteria,0.62295
TARA_004_DCM_0.22-1.6,undef,0.04144
TARA_004_SRF_0.22-1.6,Actinobacteria,0.02309
TARA_004_SRF_0.22-1.6,Bacteroidetes,0.06415
TARA_004_SRF_0.22-1.6,Cyanobacteria,0.1216
TARA_004_SRF_0.22-1.6,Deferribacteres,0.01351
TARA_004_SRF_0.22-1.6,Euryarchaeota,0.01139
TARA_004_SRF_0.22-1.6,other,0.00403
TARA_004_SRF_0.22-1.6,Proteobacteria,0.72025
TARA_004_SRF_0.22-1.6,undef,0.02993
TARA_004_SRF_0.22-1.6,Verrucomicrobia,0.01205
TARA_007_DCM_0.22-1.6,Actinobacteria,0.04273
TARA_007_DCM_0.22-1.6,Bacteroidetes,0.06068
TARA_007_DCM_0.22-1.6,Cyanobacteria,0.09227
TARA_007_DCM_0.22-1.6,Deferribacteres,0.02397
TARA_007_DCM_0.22-1.6,Euryarchaeota,0.02513
TARA_007_DCM_0.22-1.6,other,0.02228
TARA_007_DCM_0.22-1.6,Proteobacteria,0.70057
TARA_007_DCM_0.22-1.6,undef,0.03235
TARA_007_SRF_0.22-1.6,Actinobacteria,0.03421
TARA_007_SRF_0.22-1.6,Bacteroidetes,0.08307
TARA_007_SRF_0.22-1.6,Cyanobacteria,0.04535
TARA_007_SRF_0.22-1.6,Deferribacteres,0.02609
TARA_007_SRF_0.22-1.6,other,0.020139999999999998
TARA_007_SRF_0.22-1.6,Proteobacteria,0.75263
TARA_007_SRF_0.22-1.6,undef,0.0385
TARA_009_DCM_0.22-1.6,Actinobacteria,0.05928
TARA_009_DCM_0.22-1.6,Bacteroidetes,0.06609
TARA_009_DCM_0.22-1.6,Cyanobacteria,0.05045
TARA_009_DCM_0.22-1.6,Deferribacteres,0.05473
TARA_009_DCM_0.22-1.6,Euryarchaeota,0.04807
TARA_009_DCM_0.22-1.6,other,0.02545
TARA_009_DCM_0.22-1.6,Proteobacteria,0.6312
TARA_009_DCM_0.22-1.6,Thaumarchaeota,0.02305
TARA_009_DCM_0.22-1.6,undef,0.04167
TARA_009_SRF_0.22-1.6,Actinobacteria,0.02172
TARA_009_SRF_0.22-1.6,Bacteroidetes,0.1106
TARA_009_SRF_0.22-1.6,Cyanobacteria,0.08564
TARA_009_SRF_0.22-1.6,Deferribacteres,0.01928
TARA_009_SRF_0.22-1.6,other,0.00715
TARA_009_SRF_0.22-1.6,Proteobacteria,0.70962
TARA_009_SRF_0.22-1.6,undef,0.03332
TARA_009_SRF_0.22-1.6,Verrucomicrobia,0.01269
TARA_018_DCM_0.22-1.6,Actinobacteria,0.03369
TARA_018_DCM_0.22-1.6,Bacteroidetes,0.07519
TARA_018_DCM_0.22-1.6,Chloroflexi,0.01253
TARA_018_DCM_0.22-1.6,Cyanobacteria,0.13143
TARA_018_DCM_0.22-1.6,Deferribacteres,0.04374
TARA_018_DCM_0.22-1.6,Euryarchaeota,0.02829
TARA_018_DCM_0.22-1.6,other,0.00464
TARA_018_DCM_0.22-1.6,Proteobacteria,0.61646
TARA_018_DCM_0.22-1.6,undef,0.044
TARA_018_DCM_0.22-1.6,Verrucomicrobia,0.01003
TARA_018_SRF_0.22-1.6,Actinobacteria,0.03701
TARA_018_SRF_0.22-1.6,Bacteroidetes,0.06262
TARA_018_SRF_0.22-1.6,Chloroflexi,0.01044
TARA_018_SRF_0.22-1.6,Cyanobacteria,0.11355
TARA_018_SRF_0.22-1.6,Deferribacteres,0.039
TARA_018_SRF_0.22-1.6,Euryarchaeota,0.02347
TARA_018_SRF_0.22-1.6,other,0.01507
TARA_018_SRF_0.22-1.6,Proteobacteria,0.65908
TARA_018_SRF_0.22-1.6,undef,0.03976
TARA_023_DCM_0.22-1.6,Actinobacteria,0.048280000000000003
TARA_023_DCM_0.22-1.6,Bacteroidetes,0.0366
TARA_023_DCM_0.22-1.6,Cyanobacteria,0.07337
TARA_023_DCM_0.22-1.6,Deferribacteres,0.01256
TARA_023_DCM_0.22-1.6,Euryarchaeota,0.01383
TARA_023_DCM_0.22-1.6,other,0.02243
TARA_023_DCM_0.22-1.6,Proteobacteria,0.74077
TARA_023_DCM_0.22-1.6,undef,0.04022
TARA_023_DCM_0.22-1.6,Verrucomicrobia,0.01192
TARA_023_SRF_0.22-1.6,Actinobacteria,0.02061
TARA_023_SRF_0.22-1.6,Bacteroidetes,0.04443
TARA_023_SRF_0.22-1.6,Cyanobacteria,0.04259
TARA_023_SRF_0.22-1.6,Deferribacteres,0.02721
TARA_023_SRF_0.22-1.6,other,0.02647
TARA_023_SRF_0.22-1.6,Proteobacteria,0.80198
TARA_023_SRF_0.22-1.6,undef,0.0367
TARA_025_DCM_0.22-1.6,Actinobacteria,0.03364
TARA_025_DCM_0.22-1.6,Bacteroidetes,0.0439
TARA_025_DCM_0.22-1.6,Chloroflexi,0.01399
TARA_025_DCM_0.22-1.6,Cyanobacteria,0.16825
TARA_025_DCM_0.22-1.6,Deferribacteres,0.01714
TARA_025_DCM_0.22-1.6,Euryarchaeota,0.01216
TARA_025_DCM_0.22-1.6,other,0.01316
TARA_025_DCM_0.22-1.6,Proteobacteria,0.63261
TARA_025_DCM_0.22-1.6,Thaumarchaeota,0.01695
TARA_025_DCM_0.22-1.6,undef,0.04819
TARA_025_SRF_0.22-1.6,Actinobacteria,0.01316
TARA_025_SRF_0.22-1.6,Bacteroidetes,0.03796
TARA_025_SRF_0.22-1.6,Cyanobacteria,0.11586
TARA_025_SRF_0.22-1.6,other,0.01493
TARA_025_SRF_0.22-1.6,Proteobacteria,0.77138
TARA_025_SRF_0.22-1.6,undef,0.02988
TARA_025_SRF_0.22-1.6,Verrucomicrobia,0.01686
TARA_030_DCM_0.22-1.6,Actinobacteria,0.0329
TARA_030_DCM_0.22-1.6,Bacteroidetes,0.07465
TARA_030_DCM_0.22-1.6,Cyanobacteria,0.09
TARA_030_DCM_0.22-1.6,Deferribacteres,0.03596
TARA_030_DCM_0.22-1.6,other,0.01325
TARA_030_DCM_0.22-1.6,Proteobacteria,0.70859
TARA_030_DCM_0.22-1.6,undef,0.04466
TARA_030_SRF_0.22-1.6,Actinobacteria,0.02738
TARA_030_SRF_0.22-1.6,Bacteroidetes,0.09835
TARA_030_SRF_0.22-1.6,Cyanobacteria,0.03215
TARA_030_SRF_0.22-1.6,Deferribacteres,0.0239
TARA_030_SRF_0.22-1.6,other,0.00713
TARA_030_SRF_0.22-1.6,Proteobacteria,0.7559
TARA_030_SRF_0.22-1.6,undef,0.03508
TARA_030_SRF_0.22-1.6,Verrucomicrobia,0.02011
TARA_031_SRF_0.22-1.6,Actinobacteria,0.02893
TARA_031_SRF_0.22-1.6,Bacteroidetes,0.03478
TARA_031_SRF_0.22-1.6,Cyanobacteria,0.2575
TARA_031_SRF_0.22-1.6,Deferribacteres,0.02172
TARA_031_SRF_0.22-1.6,Euryarchaeota,0.0194
TARA_031_SRF_0.22-1.6,other,0.01299
TARA_031_SRF_0.22-1.6,Proteobacteria,0.59411
TARA_031_SRF_0.22-1.6,undef,0.03058
TARA_032_DCM_0.22-1.6,Actinobacteria,0.03053
TARA_032_DCM_0.22-1.6,Bacteroidetes,0.02498
TARA_032_DCM_0.22-1.6,Chloroflexi,0.05715
TARA_032_DCM_0.22-1.6,Cyanobacteria,0.13011
TARA_032_DCM_0.22-1.6,Deferribacteres,0.05681
TARA_032_DCM_0.22-1.6,Euryarchaeota,0.07843
TARA_032_DCM_0.22-1.6,other,0.01667
TARA_032_DCM_0.22-1.6,Proteobacteria,0.46693
TARA_032_DCM_0.22-1.6,Thaumarchaeota,0.0392
TARA_032_DCM_0.22-1.6,undef,0.08709
TARA_032_DCM_0.22-1.6,Verrucomicrobia,0.01214
TARA_032_SRF_0.22-1.6,Actinobacteria,0.05158
TARA_032_SRF_0.22-1.6,Bacteroidetes,0.0362
TARA_032_SRF_0.22-1.6,Cyanobacteria,0.22402
TARA_032_SRF_0.22-1.6,Deferribacteres,0.02941
TARA_032_SRF_0.22-1.6,Euryarchaeota,0.01965
TARA_032_SRF_0.22-1.6,other,0.01084
TARA_032_SRF_0.22-1.6,Proteobacteria,0.58319
TARA_032_SRF_0.22-1.6,undef,0.04509
TARA_033_SRF_0.22-1.6,Actinobacteria,0.04275
TARA_033_SRF_0.22-1.6,Bacteroidetes,0.04054
TARA_033_SRF_0.22-1.6,Cyanobacteria,0.21075
TARA_033_SRF_0.22-1.6,Deferribacteres,0.02366
TARA_033_SRF_0.22-1.6,Euryarchaeota,0.03602
TARA_033_SRF_0.22-1.6,other,0.011819999999999999
TARA_033_SRF_0.22-1.6,Proteobacteria,0.60348
TARA_033_SRF_0.22-1.6,undef,0.03096
TARA_034_DCM_0.22-1.6,Actinobacteria,0.03165
TARA_034_DCM_0.22-1.6,Bacteroidetes,0.01902
TARA_034_DCM_0.22-1.6,Chloroflexi,0.0324
TARA_034_DCM_0.22-1.6,Cyanobacteria,0.07509
TARA_034_DCM_0.22-1.6,Deferribacteres,0.06255
TARA_034_DCM_0.22-1.6,Euryarchaeota,0.07516
TARA_034_DCM_0.22-1.6,other,0.018520000000000002
TARA_034_DCM_0.22-1.6,Planctomycetes,0.01343
TARA_034_DCM_0.22-1.6,Proteobacteria,0.47767
TARA_034_DCM_0.22-1.6,Thaumarchaeota,0.07592
TARA_034_DCM_0.22-1.6,undef,0.11861
TARA_034_SRF_0.22-1.6,Actinobacteria,0.05263
TARA_034_SRF_0.22-1.6,Bacteroidetes,0.03547
TARA_034_SRF_0.22-1.6,Cyanobacteria,0.15963
TARA_034_SRF_0.22-1.6,Deferribacteres,0.02719
TARA_034_SRF_0.22-1.6,Euryarchaeota,0.05533
TARA_034_SRF_0.22-1.6,other,0.01486
TARA_034_SRF_0.22-1.6,Proteobacteria,0.6111
TARA_034_SRF_0.22-1.6,undef,0.04381
TARA_036_DCM_0.22-1.6,Actinobacteria,0.03324
TARA_036_DCM_0.22-1.6,Bacteroidetes,0.04031
TARA_036_DCM_0.22-1.6,Cyanobacteria,0.12707
TARA_036_DCM_0.22-1.6,Deferribacteres,0.03105
TARA_036_DCM_0.22-1.6,Euryarchaeota,0.02689
TARA_036_DCM_0.22-1.6,other,0.00507
TARA_036_DCM_0.22-1.6,Proteobacteria,0.70044
TARA_036_DCM_0.22-1.6,undef,0.02359
TARA_036_DCM_0.22-1.6,Verrucomicrobia,0.01235
TARA_036_SRF_0.22-1.6,Actinobacteria,0.0284
TARA_036_SRF_0.22-1.6,Bacteroidetes,0.03398
TARA_036_SRF_0.22-1.6,Cyanobacteria,0.11323
TARA_036_SRF_0.22-1.6,Deferribacteres,0.03443
TARA_036_SRF_0.22-1.6,Euryarchaeota,0.01782
TARA_036_SRF_0.22-1.6,other,0.01048
TARA_036_SRF_0.22-1.6,Proteobacteria,0.74756
TARA_036_SRF_0.22-1.6,undef,0.01411
TARA_037_MES_0.22-1.6,Actinobacteria,0.04023
TARA_037_MES_0.22-1.6,Chloroflexi,0.03351
TARA_037_MES_0.22-1.6,Deferribacteres,0.20223
TARA_037_MES_0.22-1.6,Euryarchaeota,0.01829
TARA_037_MES_0.22-1.6,other,0.0357
TARA_037_MES_0.22-1.6,Planctomycetes,0.05474
TARA_037_MES_0.22-1.6,Proteobacteria,0.37805
TARA_037_MES_0.22-1.6,Thaumarchaeota,0.04179
TARA_037_MES_0.22-1.6,undef,0.19547
TARA_038_DCM_0.22-1.6,Actinobacteria,0.03618
TARA_038_DCM_0.22-1.6,Bacteroidetes,0.03145
TARA_038_DCM_0.22-1.6,Cyanobacteria,0.2712
TARA_038_DCM_0.22-1.6,Deferribacteres,0.05571
TARA_038_DCM_0.22-1.6,Euryarchaeota,0.02845
TARA_038_DCM_0.22-1.6,other,0.02049
TARA_038_DCM_0.22-1.6,Proteobacteria,0.51693
TARA_038_DCM_0.22-1.6,undef,0.03961
TARA_038_MES_0.22-1.6,Actinobacteria,0.04196
TARA_038_MES_0.22-1.6,Chloroflexi,0.01913
TARA_038_MES_0.22-1.6,Cyanobacteria,0.01136
TARA_038_MES_0.22-1.6,Deferribacteres,0.14736
TARA_038_MES_0.22-1.6,Euryarchaeota,0.0101
TARA_038_MES_0.22-1.6,other,0.02085
TARA_038_MES_0.22-1.6,Planctomycetes,0.05005
TARA_038_MES_0.22-1.6,Proteobacteria,0.53457
TARA_038_MES_0.22-1.6,Thaumarchaeota,0.02002
TARA_038_MES_0.22-1.6,undef,0.12869
TARA_038_MES_0.22-1.6,Verrucomicrobia,0.01592
TARA_038_SRF_0.22-1.6,Actinobacteria,0.04328
TARA_038_SRF_0.22-1.6,Bacteroidetes,0.03666
TARA_038_SRF_0.22-1.6,Cyanobacteria,0.20513
TARA_038_SRF_0.22-1.6,Deferribacteres,0.0375
TARA_038_SRF_0.22-1.6,Euryarchaeota,0.0424
TARA_038_SRF_0.22-1.6,other,0.0034200000000000003
TARA_038_SRF_0.22-1.6,Proteobacteria,0.59326
TARA_038_SRF_0.22-1.6,undef,0.02832
TARA_038_SRF_0.22-1.6,Verrucomicrobia,0.01
TARA_039_DCM_0.22-1.6,Actinobacteria,0.05123
TARA_039_DCM_0.22-1.6,Bacteroidetes,0.0381
TARA_039_DCM_0.22-1.6,Cyanobacteria,0.25264
TARA_039_DCM_0.22-1.6,Deferribacteres,0.03669
TARA_039_DCM_0.22-1.6,Euryarchaeota,0.03159
TARA_039_DCM_0.22-1.6,other,0.00994
TARA_039_DCM_0.22-1.6,Proteobacteria,0.53461
TARA_039_DCM_0.22-1.6,undef,0.03136
TARA_039_DCM_0.22-1.6,Verrucomicrobia,0.01382
TARA_039_MES_0.22-1.6,Actinobacteria,0.04894
TARA_039_MES_0.22-1.6,Chloroflexi,0.02165
TARA_039_MES_0.22-1.6,Cyanobacteria,0.01044
TARA_039_MES_0.22-1.6,Deferribacteres,0.16003
TARA_039_MES_0.22-1.6,Euryarchaeota,0.01233
TARA_039_MES_0.22-1.6,other,0.0251
TARA_039_MES_0.22-1.6,Planctomycetes,0.06571
TARA_039_MES_0.22-1.6,Proteobacteria,0.45051
TARA_039_MES_0.22-1.6,Thaumarchaeota,0.01151
TARA_039_MES_0.22-1.6,undef,0.18217
TARA_039_MES_0.22-1.6,Verrucomicrobia,0.01159
TARA_041_DCM_0.22-1.6,Actinobacteria,0.05903
TARA_041_DCM_0.22-1.6,Bacteroidetes,0.03832
TARA_041_DCM_0.22-1.6,Cyanobacteria,0.11069
TARA_041_DCM_0.22-1.6,Deferribacteres,0.06599
TARA_041_DCM_0.22-1.6,Euryarchaeota,0.07532
TARA_041_DCM_0.22-1.6,other,0.01677
TARA_041_DCM_0.22-1.6,Proteobacteria,0.56186
TARA_041_DCM_0.22-1.6,undef,0.07202
TARA_041_SRF_0.22-1.6,Actinobacteria,0.0504
TARA_041_SRF_0.22-1.6,Bacteroidetes,0.03668
TARA_041_SRF_0.22-1.6,Cyanobacteria,0.1815
TARA_041_SRF_0.22-1.6,Deferribacteres,0.01465
TARA_041_SRF_0.22-1.6,Euryarchaeota,0.01913
TARA_041_SRF_0.22-1.6,other,0.0099
TARA_041_SRF_0.22-1.6,Proteobacteria,0.66435
TARA_041_SRF_0.22-1.6,undef,0.02339
TARA_042_DCM_0.22-1.6,Actinobacteria,0.08585
TARA_042_DCM_0.22-1.6,Bacteroidetes,0.02334
TARA_042_DCM_0.22-1.6,Chloroflexi,0.01311
TARA_042_DCM_0.22-1.6,Cyanobacteria,0.11603
TARA_042_DCM_0.22-1.6,Deferribacteres,0.0747
TARA_042_DCM_0.22-1.6,Euryarchaeota,0.05788
TARA_042_DCM_0.22-1.6,other,0.01442
TARA_042_DCM_0.22-1.6,Proteobacteria,0.55581
TARA_042_DCM_0.22-1.6,undef,0.05886
TARA_042_SRF_0.22-1.6,Actinobacteria,0.05469
TARA_042_SRF_0.22-1.6,Bacteroidetes,0.0344
TARA_042_SRF_0.22-1.6,Cyanobacteria,0.13159
TARA_042_SRF_0.22-1.6,Deferribacteres,0.01809
TARA_042_SRF_0.22-1.6,Euryarchaeota,0.02214
TARA_042_SRF_0.22-1.6,other,0.00989
TARA_042_SRF_0.22-1.6,Proteobacteria,0.70648
TARA_042_SRF_0.22-1.6,undef,0.02272
TARA_045_SRF_0.22-1.6,Actinobacteria,0.03645
TARA_045_SRF_0.22-1.6,Bacteroidetes,0.03908
TARA_045_SRF_0.22-1.6,Cyanobacteria,0.22564
TARA_045_SRF_0.22-1.6,Deferribacteres,0.01058
TARA_045_SRF_0.22-1.6,other,0.0196
TARA_045_SRF_0.22-1.6,Proteobacteria,0.64953
TARA_045_SRF_0.22-1.6,undef,0.01912
TARA_048_SRF_0.22-1.6,Actinobacteria,0.03636
TARA_048_SRF_0.22-1.6,Bacteroidetes,0.03423
TARA_048_SRF_0.22-1.6,Cyanobacteria,0.18298
TARA_048_SRF_0.22-1.6,Deferribacteres,0.01022
TARA_048_SRF_0.22-1.6,Euryarchaeota,0.01172
TARA_048_SRF_0.22-1.6,other,0.00836
TARA_048_SRF_0.22-1.6,Proteobacteria,0.70107
TARA_048_SRF_0.22-1.6,undef,0.01506
TARA_052_DCM_0.22-1.6,Actinobacteria,0.04224
TARA_052_DCM_0.22-1.6,Bacteroidetes,0.03813
TARA_052_DCM_0.22-1.6,Cyanobacteria,0.15125
TARA_052_DCM_0.22-1.6,Deferribacteres,0.03988
TARA_052_DCM_0.22-1.6,Euryarchaeota,0.03863
TARA_052_DCM_0.22-1.6,other,0.01735
TARA_052_DCM_0.22-1.6,Proteobacteria,0.63829
TARA_052_DCM_0.22-1.6,undef,0.03421
TARA_052_SRF_0.22-1.6,Actinobacteria,0.02437
TARA_052_SRF_0.22-1.6,Bacteroidetes,0.03584
TARA_052_SRF_0.22-1.6,Cyanobacteria,0.24309
TARA_052_SRF_0.22-1.6,Deferribacteres,0.0384
TARA_052_SRF_0.22-1.6,Euryarchaeota,0.02158
TARA_052_SRF_0.22-1.6,other,0.00945
TARA_052_SRF_0.22-1.6,Proteobacteria,0.59592
TARA_052_SRF_0.22-1.6,undef,0.03136
TARA_056_MES_0.22-3,Actinobacteria,0.07961
TARA_056_MES_0.22-3,Bacteroidetes,0.08083
TARA_056_MES_0.22-3,Cyanobacteria,0.03256
TARA_056_MES_0.22-3,Deferribacteres,0.05716
TARA_056_MES_0.22-3,Euryarchaeota,0.01941
TARA_056_MES_0.22-3,other,0.04431
TARA_056_MES_0.22-3,Proteobacteria,0.48606
TARA_056_MES_0.22-3,Thaumarchaeota,0.15561
TARA_056_MES_0.22-3,undef,0.04445
TARA_056_SRF_0.22-3,Actinobacteria,0.03311
TARA_056_SRF_0.22-3,Bacteroidetes,0.0399
TARA_056_SRF_0.22-3,Cyanobacteria,0.18527
TARA_056_SRF_0.22-3,Deferribacteres,0.03087
TARA_056_SRF_0.22-3,Euryarchaeota,0.02399
TARA_056_SRF_0.22-3,other,0.01805
TARA_056_SRF_0.22-3,Proteobacteria,0.63632
TARA_056_SRF_0.22-3,undef,0.0325
TARA_057_SRF_0.22-3,Actinobacteria,0.04041
TARA_057_SRF_0.22-3,Bacteroidetes,0.05067
TARA_057_SRF_0.22-3,Cyanobacteria,0.259
TARA_057_SRF_0.22-3,Deferribacteres,0.02564
TARA_057_SRF_0.22-3,Euryarchaeota,0.02184
TARA_057_SRF_0.22-3,other,0.01906
TARA_057_SRF_0.22-3,Proteobacteria,0.53709
TARA_057_SRF_0.22-3,undef,0.0463
TARA_058_DCM_0.22-3,Actinobacteria,0.05141
TARA_058_DCM_0.22-3,Bacteroidetes,0.04405
TARA_058_DCM_0.22-3,Cyanobacteria,0.15557000000000001
TARA_058_DCM_0.22-3,Deferribacteres,0.0332
TARA_058_DCM_0.22-3,Euryarchaeota,0.02396
TARA_058_DCM_0.22-3,other,0.00937
TARA_058_DCM_0.22-3,Proteobacteria,0.63363
TARA_058_DCM_0.22-3,undef,0.03579
TARA_058_DCM_0.22-3,Verrucomicrobia,0.013
TARA_062_SRF_0.22-3,Actinobacteria,0.04146
TARA_062_SRF_0.22-3,Bacteroidetes,0.0555
TARA_062_SRF_0.22-3,Cyanobacteria,0.16093
TARA_062_SRF_0.22-3,Deferribacteres,0.03558
TARA_062_SRF_0.22-3,Euryarchaeota,0.03078
TARA_062_SRF_0.22-3,other,0.01298
TARA_062_SRF_0.22-3,Proteobacteria,0.6317
TARA_062_SRF_0.22-3,undef,0.03104
TARA_064_DCM_0.22-3,Actinobacteria,0.04201
TARA_064_DCM_0.22-3,Bacteroidetes,0.03649
TARA_064_DCM_0.22-3,Chloroflexi,0.01034
TARA_064_DCM_0.22-3,Cyanobacteria,0.18308
TARA_064_DCM_0.22-3,Deferribacteres,0.0399
TARA_064_DCM_0.22-3,Euryarchaeota,0.05912
TARA_064_DCM_0.22-3,other,0.01803
TARA_064_DCM_0.22-3,Proteobacteria,0.57063
TARA_064_DCM_0.22-3,undef,0.04039
TARA_064_MES_0.22-3,Acidobacteria,0.01213
TARA_064_MES_0.22-3,Actinobacteria,0.03241
TARA_064_MES_0.22-3,Bacteroidetes,0.02135
TARA_064_MES_0.22-3,Chloroflexi,0.03224
TARA_064_MES_0.22-3,Deferribacteres,0.08849
TARA_064_MES_0.22-3,Euryarchaeota,0.0269
TARA_064_MES_0.22-3,other,0.02674
TARA_064_MES_0.22-3,Planctomycetes,0.0105
TARA_064_MES_0.22-3,Proteobacteria,0.51711
TARA_064_MES_0.22-3,Thaumarchaeota,0.16878
TARA_064_MES_0.22-3,undef,0.06337
TARA_064_SRF_0.22-3,Actinobacteria,0.03512
TARA_064_SRF_0.22-3,Bacteroidetes,0.04915
TARA_064_SRF_0.22-3,Cyanobacteria,0.1912
TARA_064_SRF_0.22-3,Deferribacteres,0.03693
TARA_064_SRF_0.22-3,Euryarchaeota,0.04147
TARA_064_SRF_0.22-3,other,0.01811
TARA_064_SRF_0.22-3,Proteobacteria,0.58868
TARA_064_SRF_0.22-3,undef,0.03935
TARA_065_DCM_0.22-3,Actinobacteria,0.03997
TARA_065_DCM_0.22-3,Bacteroidetes,0.05356
TARA_065_DCM_0.22-3,Chloroflexi,0.01095
TARA_065_DCM_0.22-3,Cyanobacteria,0.11927
TARA_065_DCM_0.22-3,Deferribacteres,0.04219
TARA_065_DCM_0.22-3,Euryarchaeota,0.05526
TARA_065_DCM_0.22-3,other,0.02376
TARA_065_DCM_0.22-3,Proteobacteria,0.59799
TARA_065_DCM_0.22-3,undef,0.05703
TARA_065_MES_0.22-3,Acidobacteria,0.01122
TARA_065_MES_0.22-3,Actinobacteria,0.04063
TARA_065_MES_0.22-3,Bacteroidetes,0.02393
TARA_065_MES_0.22-3,Chloroflexi,0.02676
TARA_065_MES_0.22-3,Deferribacteres,0.08551
TARA_065_MES_0.22-3,Euryarchaeota,0.0299
TARA_065_MES_0.22-3,other,0.01835
TARA_065_MES_0.22-3,Planctomycetes,0.01055
TARA_065_MES_0.22-3,Proteobacteria,0.50832
TARA_065_MES_0.22-3,Thaumarchaeota,0.16833
TARA_065_MES_0.22-3,undef,0.06653
TARA_065_MES_0.22-3,Verrucomicrobia,0.01
TARA_065_SRF_0.22-3,Actinobacteria,0.03844
TARA_065_SRF_0.22-3,Bacteroidetes,0.04545
TARA_065_SRF_0.22-3,Chloroflexi,0.01063
TARA_065_SRF_0.22-3,Cyanobacteria,0.10466
TARA_065_SRF_0.22-3,Deferribacteres,0.04736
TARA_065_SRF_0.22-3,Euryarchaeota,0.05118
TARA_065_SRF_0.22-3,other,0.01819
TARA_065_SRF_0.22-3,Proteobacteria,0.61833
TARA_065_SRF_0.22-3,undef,0.06577
TARA_066_DCM_0.22-3,Actinobacteria,0.02423
TARA_066_DCM_0.22-3,Bacteroidetes,0.06714
TARA_066_DCM_0.22-3,Cyanobacteria,0.09937
TARA_066_DCM_0.22-3,Deferribacteres,0.04555
TARA_066_DCM_0.22-3,Euryarchaeota,0.04354
TARA_066_DCM_0.22-3,other,0.01607
TARA_066_DCM_0.22-3,Proteobacteria,0.61246
TARA_066_DCM_0.22-3,Thaumarchaeota,0.01109
TARA_066_DCM_0.22-3,undef,0.08056
TARA_066_SRF_0.22-3,Actinobacteria,0.02999
TARA_066_SRF_0.22-3,Bacteroidetes,0.07116
TARA_066_SRF_0.22-3,Cyanobacteria,0.09627
TARA_066_SRF_0.22-3,Deferribacteres,0.04349
TARA_066_SRF_0.22-3,Euryarchaeota,0.04616
TARA_066_SRF_0.22-3,other,0.02712
TARA_066_SRF_0.22-3,Proteobacteria,0.60261
TARA_066_SRF_0.22-3,undef,0.0832
TARA_067_SRF_0.22-3,Actinobacteria,0.0251
TARA_067_SRF_0.22-3,Bacteroidetes,0.15868
TARA_067_SRF_0.22-3,Cyanobacteria,0.15876
TARA_067_SRF_0.22-3,Deferribacteres,0.017
TARA_067_SRF_0.22-3,Euryarchaeota,0.01133
TARA_067_SRF_0.22-3,other,0.01811
TARA_067_SRF_0.22-3,Proteobacteria,0.52274
TARA_067_SRF_0.22-3,undef,0.06933
TARA_067_SRF_0.22-3,Verrucomicrobia,0.01892
TARA_068_DCM_0.22-3,Actinobacteria,0.01595
TARA_068_DCM_0.22-3,Bacteroidetes,0.04117
TARA_068_DCM_0.22-3,Cyanobacteria,0.31492
TARA_068_DCM_0.22-3,Deferribacteres,0.01886
TARA_068_DCM_0.22-3,Euryarchaeota,0.02712
TARA_068_DCM_0.22-3,other,0.01523
TARA_068_DCM_0.22-3,Proteobacteria,0.47573
TARA_068_DCM_0.22-3,Thaumarchaeota,0.0179
TARA_068_DCM_0.22-3,undef,0.07313
TARA_068_MES_0.22-3,Actinobacteria,0.03422
TARA_068_MES_0.22-3,Bacteroidetes,0.01926
TARA_068_MES_0.22-3,Chloroflexi,0.02672
TARA_068_MES_0.22-3,Deferribacteres,0.08284
TARA_068_MES_0.22-3,Euryarchaeota,0.03906
TARA_068_MES_0.22-3,other,0.02291
TARA_068_MES_0.22-3,Planctomycetes,0.01174
TARA_068_MES_0.22-3,Proteobacteria,0.56507
TARA_068_MES_0.22-3,Thaumarchaeota,0.13841
TARA_068_MES_0.22-3,undef,0.04855
TARA_068_MES_0.22-3,Verrucomicrobia,0.01121
TARA_068_SRF_0.22-3,Actinobacteria,0.01146
TARA_068_SRF_0.22-3,Bacteroidetes,0.03621
TARA_068_SRF_0.22-3,Cyanobacteria,0.38086
TARA_068_SRF_0.22-3,Deferribacteres,0.01526
TARA_068_SRF_0.22-3,Euryarchaeota,0.01613
TARA_068_SRF_0.22-3,other,0.013189999999999999
TARA_068_SRF_0.22-3,Proteobacteria,0.43638
TARA_068_SRF_0.22-3,Thaumarchaeota,0.01473
TARA_068_SRF_0.22-3,undef,0.07575
TARA_070_MES_0.22-3,Actinobacteria,0.01423
TARA_070_MES_0.22-3,Bacteroidetes,0.01015
TARA_070_MES_0.22-3,Chloroflexi,0.0134
TARA_070_MES_0.22-3,Deferribacteres,0.0357
TARA_070_MES_0.22-3,Euryarchaeota,0.01219
TARA_070_MES_0.22-3,other,0.02961
TARA_070_MES_0.22-3,Proteobacteria,0.76811
TARA_070_MES_0.22-3,Thaumarchaeota,0.08647
TARA_070_MES_0.22-3,undef,0.03018
TARA_070_SRF_0.22-3,Actinobacteria,0.01225
TARA_070_SRF_0.22-3,Bacteroidetes,0.042659999999999997
TARA_070_SRF_0.22-3,Cyanobacteria,0.26757
TARA_070_SRF_0.22-3,Deferribacteres,0.02442
TARA_070_SRF_0.22-3,Euryarchaeota,0.06933
TARA_070_SRF_0.22-3,other,0.00842
TARA_070_SRF_0.22-3,Proteobacteria,0.49735
TARA_070_SRF_0.22-3,undef,0.06559
TARA_070_SRF_0.22-3,Verrucomicrobia,0.01239
TARA_072_DCM_0.22-3,Actinobacteria,0.04951
TARA_072_DCM_0.22-3,Bacteroidetes,0.05286
TARA_072_DCM_0.22-3,Chloroflexi,0.01178
TARA_072_DCM_0.22-3,Cyanobacteria,0.07969
TARA_072_DCM_0.22-3,Deferribacteres,0.06492
TARA_072_DCM_0.22-3,Euryarchaeota,0.0222
TARA_072_DCM_0.22-3,other,0.01731
TARA_072_DCM_0.22-3,Proteobacteria,0.63209
TARA_072_DCM_0.22-3,undef,0.06965
TARA_072_MES_0.22-3,Actinobacteria,0.02436
TARA_072_MES_0.22-3,Bacteroidetes,0.03861
TARA_072_MES_0.22-3,Chloroflexi,0.01179
TARA_072_MES_0.22-3,Cyanobacteria,0.089
TARA_072_MES_0.22-3,Deferribacteres,0.03667
TARA_072_MES_0.22-3,Euryarchaeota,0.01816
TARA_072_MES_0.22-3,other,0.030600000000000002
TARA_072_MES_0.22-3,Proteobacteria,0.60852
TARA_072_MES_0.22-3,Thaumarchaeota,0.0644
TARA_072_MES_0.22-3,undef,0.07787
TARA_072_SRF_0.22-3,Actinobacteria,0.02869
TARA_072_SRF_0.22-3,Bacteroidetes,0.04164
TARA_072_SRF_0.22-3,Cyanobacteria,0.16922
TARA_072_SRF_0.22-3,Deferribacteres,0.02764
TARA_072_SRF_0.22-3,Euryarchaeota,0.01817
TARA_072_SRF_0.22-3,other,0.013300000000000001
TARA_072_SRF_0.22-3,Proteobacteria,0.65727
TARA_072_SRF_0.22-3,undef,0.04409
TARA_076_DCM_0.22-3,Actinobacteria,0.05586
TARA_076_DCM_0.22-3,Bacteroidetes,0.02314
TARA_076_DCM_0.22-3,Chloroflexi,0.02675
TARA_076_DCM_0.22-3,Cyanobacteria,0.1407
TARA_076_DCM_0.22-3,Deferribacteres,0.06821
TARA_076_DCM_0.22-3,Euryarchaeota,0.04987
TARA_076_DCM_0.22-3,other,0.02028
TARA_076_DCM_0.22-3,Proteobacteria,0.52251
TARA_076_DCM_0.22-3,undef,0.07819
TARA_076_DCM_0.22-3,Verrucomicrobia,0.01448
TARA_076_MES_0.22-3,Acidobacteria,0.01397
TARA_076_MES_0.22-3,Actinobacteria,0.03807
TARA_076_MES_0.22-3,Bacteroidetes,0.01677
TARA_076_MES_0.22-3,Chloroflexi,0.03926
TARA_076_MES_0.22-3,Deferribacteres,0.0601
TARA_076_MES_0.22-3,Euryarchaeota,0.01944
TARA_076_MES_0.22-3,other,0.0236
TARA_076_MES_0.22-3,Proteobacteria,0.54256
TARA_076_MES_0.22-3,Thaumarchaeota,0.16807
TARA_076_MES_0.22-3,undef,0.06607
TARA_076_MES_0.22-3,Verrucomicrobia,0.01213
TARA_076_SRF_0.22-3,Actinobacteria,0.02164
TARA_076_SRF_0.22-3,Bacteroidetes,0.04897
TARA_076_SRF_0.22-3,Cyanobacteria,0.26517
TARA_076_SRF_0.22-3,Deferribacteres,0.01304
TARA_076_SRF_0.22-3,Euryarchaeota,0.01241
TARA_076_SRF_0.22-3,other,0.0074400000000000004
TARA_076_SRF_0.22-3,Proteobacteria,0.55047
TARA_076_SRF_0.22-3,undef,0.08082
TARA_078_DCM_0.22-3,Actinobacteria,0.02903
TARA_078_DCM_0.22-3,Bacteroidetes,0.0403
TARA_078_DCM_0.22-3,Chloroflexi,0.01702
TARA_078_DCM_0.22-3,Cyanobacteria,0.11429
TARA_078_DCM_0.22-3,Deferribacteres,0.0336
TARA_078_DCM_0.22-3,Euryarchaeota,0.03987
TARA_078_DCM_0.22-3,other,0.016399999999999998
TARA_078_DCM_0.22-3,Proteobacteria,0.58274
TARA_078_DCM_0.22-3,Thaumarchaeota,0.03831
TARA_078_DCM_0.22-3,undef,0.07413
TARA_078_DCM_0.22-3,Verrucomicrobia,0.0143
TARA_078_MES_0.22-3,Acidobacteria,0.01092
TARA_078_MES_0.22-3,Actinobacteria,0.03053
TARA_078_MES_0.22-3,Bacteroidetes,0.01496
TARA_078_MES_0.22-3,Chloroflexi,0.03613
TARA_078_MES_0.22-3,Cyanobacteria,0.01902
TARA_078_MES_0.22-3,Deferribacteres,0.05702
TARA_078_MES_0.22-3,Euryarchaeota,0.01799
TARA_078_MES_0.22-3,other,0.02475
TARA_078_MES_0.22-3,Proteobacteria,0.53357
TARA_078_MES_0.22-3,Thaumarchaeota,0.15622
TARA_078_MES_0.22-3,undef,0.08852
TARA_078_MES_0.22-3,Verrucomicrobia,0.01037
TARA_078_SRF_0.22-3,Actinobacteria,0.02849
TARA_078_SRF_0.22-3,Bacteroidetes,0.04551
TARA_078_SRF_0.22-3,Cyanobacteria,0.23069
TARA_078_SRF_0.22-3,other,0.02296
TARA_078_SRF_0.22-3,Proteobacteria,0.61338
TARA_078_SRF_0.22-3,undef,0.05897
TARA_082_DCM_0.22-3,Bacteroidetes,0.15772
TARA_082_DCM_0.22-3,Cyanobacteria,0.18277
TARA_082_DCM_0.22-3,Euryarchaeota,0.0298
TARA_082_DCM_0.22-3,other,0.00501
TARA_082_DCM_0.22-3,Proteobacteria,0.57762
TARA_082_DCM_0.22-3,undef,0.0471
TARA_082_SRF_0.22-3,Bacteroidetes,0.16296
TARA_082_SRF_0.22-3,Cyanobacteria,0.25224
TARA_082_SRF_0.22-3,Euryarchaeota,0.01298
TARA_082_SRF_0.22-3,other,0.00505
TARA_082_SRF_0.22-3,Proteobacteria,0.51409
TARA_082_SRF_0.22-3,undef,0.05266
TARA_084_SRF_0.22-3,Bacteroidetes,0.1648
TARA_084_SRF_0.22-3,Cyanobacteria,0.10928
TARA_084_SRF_0.22-3,other,0.0036
TARA_084_SRF_0.22-3,Proteobacteria,0.6736
TARA_084_SRF_0.22-3,undef,0.0487
TARA_085_DCM_0.22-3,Bacteroidetes,0.19018
TARA_085_DCM_0.22-3,Cyanobacteria,0.10519
TARA_085_DCM_0.22-3,other,0.004
TARA_085_DCM_0.22-3,Proteobacteria,0.65676
TARA_085_DCM_0.22-3,undef,0.0439
TARA_085_MES_0.22-3,Actinobacteria,0.03023
TARA_085_MES_0.22-3,Bacteroidetes,0.0874
TARA_085_MES_0.22-3,Chloroflexi,0.02428
TARA_085_MES_0.22-3,Deferribacteres,0.08069
TARA_085_MES_0.22-3,Euryarchaeota,0.041
TARA_085_MES_0.22-3,other,0.03551
TARA_085_MES_0.22-3,Planctomycetes,0.01768
TARA_085_MES_0.22-3,Proteobacteria,0.53792
TARA_085_MES_0.22-3,Thaumarchaeota,0.07562
TARA_085_MES_0.22-3,undef,0.04729
TARA_085_MES_0.22-3,Verrucomicrobia,0.02237
TARA_085_SRF_0.22-3,Bacteroidetes,0.19666
TARA_085_SRF_0.22-3,Cyanobacteria,0.09593
TARA_085_SRF_0.22-3,other,0.00402
TARA_085_SRF_0.22-3,Proteobacteria,0.66194
TARA_085_SRF_0.22-3,undef,0.04148
TARA_093_DCM_0.22-3,Bacteroidetes,0.1109
TARA_093_DCM_0.22-3,Cyanobacteria,0.018
TARA_093_DCM_0.22-3,other,0.02151
TARA_093_DCM_0.22-3,Proteobacteria,0.83753
TARA_093_DCM_0.22-3,undef,0.01208
TARA_093_SRF_0.22-3,Bacteroidetes,0.10485
TARA_093_SRF_0.22-3,Cyanobacteria,0.09079
TARA_093_SRF_0.22-3,other,0.02538
TARA_093_SRF_0.22-3,Proteobacteria,0.77898
TARA_094_SRF_0.22-3,Actinobacteria,0.02044
TARA_094_SRF_0.22-3,Bacteroidetes,0.08623
TARA_094_SRF_0.22-3,Cyanobacteria,0.06922
TARA_094_SRF_0.22-3,Deferribacteres,0.02447
TARA_094_SRF_0.22-3,other,0.00309
TARA_094_SRF_0.22-3,Proteobacteria,0.76443
TARA_094_SRF_0.22-3,undef,0.01829
TARA_094_SRF_0.22-3,Verrucomicrobia,0.01383
TARA_096_SRF_0.22-3,Actinobacteria,0.01871
TARA_096_SRF_0.22-3,Bacteroidetes,0.06396
TARA_096_SRF_0.22-3,Cyanobacteria,0.0732
TARA_096_SRF_0.22-3,other,0.01497
TARA_096_SRF_0.22-3,Proteobacteria,0.78651
TARA_096_SRF_0.22-3,undef,0.02997
TARA_096_SRF_0.22-3,Verrucomicrobia,0.01269
TARA_098_DCM_0.22-3,Actinobacteria,0.03737
TARA_098_DCM_0.22-3,Bacteroidetes,0.03894
TARA_098_DCM_0.22-3,Chloroflexi,0.01426
TARA_098_DCM_0.22-3,Cyanobacteria,0.17968
TARA_098_DCM_0.22-3,Deferribacteres,0.04971
TARA_098_DCM_0.22-3,Euryarchaeota,0.02463
TARA_098_DCM_0.22-3,other,0.00584
TARA_098_DCM_0.22-3,Proteobacteria,0.57126
TARA_098_DCM_0.22-3,undef,0.06607
TARA_098_DCM_0.22-3,Verrucomicrobia,0.01222
TARA_098_MES_0.22-3,Acidobacteria,0.01577
TARA_098_MES_0.22-3,Actinobacteria,0.01934
TARA_098_MES_0.22-3,Bacteroidetes,0.01221
TARA_098_MES_0.22-3,Chloroflexi,0.04418
TARA_098_MES_0.22-3,Deferribacteres,0.10286
TARA_098_MES_0.22-3,Euryarchaeota,0.03099
TARA_098_MES_0.22-3,other,0.015950000000000002
TARA_098_MES_0.22-3,Planctomycetes,0.01174
TARA_098_MES_0.22-3,Proteobacteria,0.48154
TARA_098_MES_0.22-3,Thaumarchaeota,0.16673
TARA_098_MES_0.22-3,undef,0.08807
TARA_098_MES_0.22-3,Verrucomicrobia,0.01063
TARA_098_SRF_0.22-3,Actinobacteria,0.02094
TARA_098_SRF_0.22-3,Bacteroidetes,0.05558
TARA_098_SRF_0.22-3,Cyanobacteria,0.1025
TARA_098_SRF_0.22-3,Deferribacteres,0.01821
TARA_098_SRF_0.22-3,Euryarchaeota,0.01057
TARA_098_SRF_0.22-3,other,0.00368
TARA_098_SRF_0.22-3,Proteobacteria,0.74946
TARA_098_SRF_0.22-3,undef,0.029
TARA_098_SRF_0.22-3,Verrucomicrobia,0.01007
TARA_099_SRF_0.22-3,Actinobacteria,0.02129
TARA_099_SRF_0.22-3,Bacteroidetes,0.07113
TARA_099_SRF_0.22-3,Cyanobacteria,0.14801
TARA_099_SRF_0.22-3,Deferribacteres,0.01773
TARA_099_SRF_0.22-3,Euryarchaeota,0.01053
TARA_099_SRF_0.22-3,other,0.00344
TARA_099_SRF_0.22-3,Proteobacteria,0.68842
TARA_099_SRF_0.22-3,undef,0.02876
TARA_099_SRF_0.22-3,Verrucomicrobia,0.01068
TARA_100_DCM_0.22-3,Actinobacteria,0.03281
TARA_100_DCM_0.22-3,Bacteroidetes,0.06329
TARA_100_DCM_0.22-3,Cyanobacteria,0.1112
TARA_100_DCM_0.22-3,Deferribacteres,0.03767
TARA_100_DCM_0.22-3,Euryarchaeota,0.02393
TARA_100_DCM_0.22-3,other,0.01391
TARA_100_DCM_0.22-3,Proteobacteria,0.67352
TARA_100_DCM_0.22-3,undef,0.04367
TARA_100_MES_0.22-3,Actinobacteria,0.0323
TARA_100_MES_0.22-3,Bacteroidetes,0.02839
TARA_100_MES_0.22-3,Chloroflexi,0.01089
TARA_100_MES_0.22-3,Cyanobacteria,0.01807
TARA_100_MES_0.22-3,Deferribacteres,0.13474
TARA_100_MES_0.22-3,Euryarchaeota,0.02868
TARA_100_MES_0.22-3,other,0.012709999999999999
TARA_100_MES_0.22-3,Planctomycetes,0.02044
TARA_100_MES_0.22-3,Proteobacteria,0.58397
TARA_100_MES_0.22-3,Thaumarchaeota,0.04294
TARA_100_MES_0.22-3,undef,0.0655
TARA_100_MES_0.22-3,Verrucomicrobia,0.02138
TARA_100_SRF_0.22-3,Actinobacteria,0.02344
TARA_100_SRF_0.22-3,Bacteroidetes,0.13364
TARA_100_SRF_0.22-3,Cyanobacteria,0.09315
TARA_100_SRF_0.22-3,Deferribacteres,0.0291
TARA_100_SRF_0.22-3,Euryarchaeota,0.01061
TARA_100_SRF_0.22-3,other,0.00412
TARA_100_SRF_0.22-3,Proteobacteria,0.66764
TARA_100_SRF_0.22-3,undef,0.02652
TARA_100_SRF_0.22-3,Verrucomicrobia,0.0118
TARA_102_DCM_0.22-3,Actinobacteria,0.06369
TARA_102_DCM_0.22-3,Bacteroidetes,0.09225
TARA_102_DCM_0.22-3,Cyanobacteria,0.1108
TARA_102_DCM_0.22-3,Deferribacteres,0.03532
TARA_102_DCM_0.22-3,Euryarchaeota,0.02596
TARA_102_DCM_0.22-3,other,0.0064
TARA_102_DCM_0.22-3,Proteobacteria,0.60971
TARA_102_DCM_0.22-3,undef,0.04388
TARA_102_DCM_0.22-3,Verrucomicrobia,0.01198
TARA_102_MES_0.22-3,Actinobacteria,0.02792
TARA_102_MES_0.22-3,Bacteroidetes,0.04113
TARA_102_MES_0.22-3,Deferribacteres,0.07756
TARA_102_MES_0.22-3,Euryarchaeota,0.0248
TARA_102_MES_0.22-3,other,0.03333
TARA_102_MES_0.22-3,Proteobacteria,0.52683
TARA_102_MES_0.22-3,Thaumarchaeota,0.20998
TARA_102_MES_0.22-3,undef,0.0425
TARA_102_MES_0.22-3,Verrucomicrobia,0.01598
TARA_102_SRF_0.22-3,Actinobacteria,0.03933
TARA_102_SRF_0.22-3,Bacteroidetes,0.1076
TARA_102_SRF_0.22-3,Cyanobacteria,0.09462
TARA_102_SRF_0.22-3,Deferribacteres,0.03635
TARA_102_SRF_0.22-3,Euryarchaeota,0.01737
TARA_102_SRF_0.22-3,other,0.0051400000000000005
TARA_102_SRF_0.22-3,Proteobacteria,0.66118
TARA_102_SRF_0.22-3,undef,0.02826
TARA_102_SRF_0.22-3,Verrucomicrobia,0.01016
TARA_109_DCM_0.22-3,Actinobacteria,0.04365
TARA_109_DCM_0.22-3,Bacteroidetes,0.0921
TARA_109_DCM_0.22-3,Cyanobacteria,0.11653
TARA_109_DCM_0.22-3,Deferribacteres,0.02264
TARA_109_DCM_0.22-3,Euryarchaeota,0.0215
TARA_109_DCM_0.22-3,other,0.00496
TARA_109_DCM_0.22-3,Proteobacteria,0.65405
TARA_109_DCM_0.22-3,undef,0.03044
TARA_109_DCM_0.22-3,Verrucomicrobia,0.01412
TARA_109_MES_0.22-3,Actinobacteria,0.02173
TARA_109_MES_0.22-3,Bacteroidetes,0.03556
TARA_109_MES_0.22-3,Deferribacteres,0.08218
TARA_109_MES_0.22-3,Euryarchaeota,0.02376
TARA_109_MES_0.22-3,other,0.03284
TARA_109_MES_0.22-3,Proteobacteria,0.64396
TARA_109_MES_0.22-3,Thaumarchaeota,0.0885
TARA_109_MES_0.22-3,undef,0.05407
TARA_109_MES_0.22-3,Verrucomicrobia,0.01742
TARA_109_SRF_0.22-3,Actinobacteria,0.04533
TARA_109_SRF_0.22-3,Bacteroidetes,0.09325
TARA_109_SRF_0.22-3,Cyanobacteria,0.13857
TARA_109_SRF_0.22-3,Deferribacteres,0.01857
TARA_109_SRF_0.22-3,Euryarchaeota,0.02326
TARA_109_SRF_0.22-3,other,0.00453
TARA_109_SRF_0.22-3,Proteobacteria,0.63615
TARA_109_SRF_0.22-3,undef,0.02822
TARA_109_SRF_0.22-3,Verrucomicrobia,0.01215
TARA_110_DCM_0.22-3,Actinobacteria,0.03295
TARA_110_DCM_0.22-3,Bacteroidetes,0.09764
TARA_110_DCM_0.22-3,Cyanobacteria,0.10038
TARA_110_DCM_0.22-3,Deferribacteres,0.04299
TARA_110_DCM_0.22-3,Euryarchaeota,0.06976
TARA_110_DCM_0.22-3,other,0.00885
TARA_110_DCM_0.22-3,Proteobacteria,0.60403
TARA_110_DCM_0.22-3,undef,0.04341
TARA_110_MES_0.22-3,Actinobacteria,0.02896
TARA_110_MES_0.22-3,Bacteroidetes,0.05805
TARA_110_MES_0.22-3,Cyanobacteria,0.04599
TARA_110_MES_0.22-3,Deferribacteres,0.07616
TARA_110_MES_0.22-3,Euryarchaeota,0.04477
TARA_110_MES_0.22-3,other,0.024650000000000002
TARA_110_MES_0.22-3,Proteobacteria,0.56832
TARA_110_MES_0.22-3,Thaumarchaeota,0.08957
TARA_110_MES_0.22-3,undef,0.04852
TARA_110_MES_0.22-3,Verrucomicrobia,0.01508
TARA_110_SRF_0.22-3,Actinobacteria,0.03752
TARA_110_SRF_0.22-3,Bacteroidetes,0.10058
TARA_110_SRF_0.22-3,Cyanobacteria,0.1144
TARA_110_SRF_0.22-3,Deferribacteres,0.02181
TARA_110_SRF_0.22-3,Euryarchaeota,0.02472
TARA_110_SRF_0.22-3,other,0.00923
TARA_110_SRF_0.22-3,Proteobacteria,0.65799
TARA_110_SRF_0.22-3,undef,0.03376
TARA_111_DCM_0.22-3,Actinobacteria,0.03646
TARA_111_DCM_0.22-3,Bacteroidetes,0.05158
TARA_111_DCM_0.22-3,Cyanobacteria,0.12994
TARA_111_DCM_0.22-3,Deferribacteres,0.05071
TARA_111_DCM_0.22-3,Euryarchaeota,0.03231
TARA_111_DCM_0.22-3,other,0.020489999999999998
TARA_111_DCM_0.22-3,Proteobacteria,0.63252
TARA_111_DCM_0.22-3,undef,0.04599
TARA_111_MES_0.22-3,Actinobacteria,0.02422
TARA_111_MES_0.22-3,Bacteroidetes,0.02768
TARA_111_MES_0.22-3,Chloroflexi,0.01399
TARA_111_MES_0.22-3,Deferribacteres,0.11896
TARA_111_MES_0.22-3,Euryarchaeota,0.04535
TARA_111_MES_0.22-3,other,0.03025
TARA_111_MES_0.22-3,Proteobacteria,0.53491
TARA_111_MES_0.22-3,Thaumarchaeota,0.13075
TARA_111_MES_0.22-3,undef,0.05471
TARA_111_MES_0.22-3,Verrucomicrobia,0.01917
TARA_111_SRF_0.22-3,Actinobacteria,0.02626
TARA_111_SRF_0.22-3,Bacteroidetes,0.07949
TARA_111_SRF_0.22-3,Cyanobacteria,0.11141
TARA_111_SRF_0.22-3,Deferribacteres,0.04231
TARA_111_SRF_0.22-3,Euryarchaeota,0.02884
TARA_111_SRF_0.22-3,other,0.0127
TARA_111_SRF_0.22-3,Proteobacteria,0.66314
TARA_111_SRF_0.22-3,undef,0.03585
TARA_112_DCM_0.22-3,Actinobacteria,0.03248
TARA_112_DCM_0.22-3,Bacteroidetes,0.05542
TARA_112_DCM_0.22-3,Chloroflexi,0.01552
TARA_112_DCM_0.22-3,Cyanobacteria,0.19422
TARA_112_DCM_0.22-3,Deferribacteres,0.05065
TARA_112_DCM_0.22-3,Euryarchaeota,0.02488
TARA_112_DCM_0.22-3,other,0.01451
TARA_112_DCM_0.22-3,Proteobacteria,0.54462
TARA_112_DCM_0.22-3,undef,0.06771
TARA_112_MES_0.22-3,Acidobacteria,0.01524
TARA_112_MES_0.22-3,Actinobacteria,0.02468
TARA_112_MES_0.22-3,Bacteroidetes,0.0893
TARA_112_MES_0.22-3,Chloroflexi,0.03722
TARA_112_MES_0.22-3,Deferribacteres,0.07365
TARA_112_MES_0.22-3,Euryarchaeota,0.01779
TARA_112_MES_0.22-3,other,0.02595
TARA_112_MES_0.22-3,Planctomycetes,0.01055
TARA_112_MES_0.22-3,Proteobacteria,0.4541
TARA_112_MES_0.22-3,Thaumarchaeota,0.16136
TARA_112_MES_0.22-3,undef,0.09015
TARA_112_SRF_0.22-3,Actinobacteria,0.02392
TARA_112_SRF_0.22-3,Bacteroidetes,0.05822
TARA_112_SRF_0.22-3,Cyanobacteria,0.16657
TARA_112_SRF_0.22-3,Deferribacteres,0.02747
TARA_112_SRF_0.22-3,Euryarchaeota,0.0181
TARA_112_SRF_0.22-3,other,0.0204
TARA_112_SRF_0.22-3,Proteobacteria,0.64837
TARA_112_SRF_0.22-3,undef,0.03696
TARA_122_DCM_0.22-3,Actinobacteria,0.03657
TARA_122_DCM_0.22-3,Bacteroidetes,0.02924
TARA_122_DCM_0.22-3,Chloroflexi,0.01675
TARA_122_DCM_0.22-3,Cyanobacteria,0.08949
TARA_122_DCM_0.22-3,Deferribacteres,0.05009
TARA_122_DCM_0.22-3,Euryarchaeota,0.03581
TARA_122_DCM_0.22-3,other,0.01634
TARA_122_DCM_0.22-3,Proteobacteria,0.65849
TARA_122_DCM_0.22-3,undef,0.06722
TARA_122_MES_0.22-3,Actinobacteria,0.04214
TARA_122_MES_0.22-3,Bacteroidetes,0.04252
TARA_122_MES_0.22-3,Chloroflexi,0.01332
TARA_122_MES_0.22-3,Cyanobacteria,0.02904
TARA_122_MES_0.22-3,Deferribacteres,0.08368
TARA_122_MES_0.22-3,Euryarchaeota,0.03141
TARA_122_MES_0.22-3,other,0.02794
TARA_122_MES_0.22-3,Proteobacteria,0.51743
TARA_122_MES_0.22-3,Thaumarchaeota,0.1457
TARA_122_MES_0.22-3,undef,0.0562
TARA_122_MES_0.22-3,Verrucomicrobia,0.01064
TARA_122_SRF_0.22-3,Actinobacteria,0.03252
TARA_122_SRF_0.22-3,Bacteroidetes,0.07705
TARA_122_SRF_0.22-3,Cyanobacteria,0.13119
TARA_122_SRF_0.22-3,Deferribacteres,0.05355
TARA_122_SRF_0.22-3,Euryarchaeota,0.04032
TARA_122_SRF_0.22-3,other,0.015359999999999999
TARA_122_SRF_0.22-3,Proteobacteria,0.61893
TARA_122_SRF_0.22-3,undef,0.03111
TARA_123_MIX_0.22-3,Actinobacteria,0.02625
TARA_123_MIX_0.22-3,Bacteroidetes,0.02174
TARA_123_MIX_0.22-3,Chloroflexi,0.03879
TARA_123_MIX_0.22-3,Cyanobacteria,0.02852
TARA_123_MIX_0.22-3,Deferribacteres,0.06114
TARA_123_MIX_0.22-3,Euryarchaeota,0.03963
TARA_123_MIX_0.22-3,other,0.03107
TARA_123_MIX_0.22-3,Proteobacteria,0.54393
TARA_123_MIX_0.22-3,Thaumarchaeota,0.08883
TARA_123_MIX_0.22-3,undef,0.1201
TARA_123_SRF_0.22-3,Actinobacteria,0.03866
TARA_123_SRF_0.22-3,Bacteroidetes,0.09058
TARA_123_SRF_0.22-3,Cyanobacteria,0.24231
TARA_123_SRF_0.22-3,Deferribacteres,0.02834
TARA_123_SRF_0.22-3,Euryarchaeota,0.05003
TARA_123_SRF_0.22-3,other,0.01991
TARA_123_SRF_0.22-3,Proteobacteria,0.45494
TARA_123_SRF_0.22-3,undef,0.07523
TARA_124_MIX_0.22-3,Actinobacteria,0.03608
TARA_124_MIX_0.22-3,Bacteroidetes,0.04153
TARA_124_MIX_0.22-3,Chloroflexi,0.03745
TARA_124_MIX_0.22-3,Cyanobacteria,0.04252
TARA_124_MIX_0.22-3,Deferribacteres,0.06315
TARA_124_MIX_0.22-3,Euryarchaeota,0.04066
TARA_124_MIX_0.22-3,other,0.016560000000000002
TARA_124_MIX_0.22-3,Proteobacteria,0.56809
TARA_124_MIX_0.22-3,Thaumarchaeota,0.07594
TARA_124_MIX_0.22-3,undef,0.06681
TARA_124_MIX_0.22-3,Verrucomicrobia,0.01121
TARA_124_SRF_0.22-3,Actinobacteria,0.03745
TARA_124_SRF_0.22-3,Bacteroidetes,0.06236
TARA_124_SRF_0.22-3,Cyanobacteria,0.18304
TARA_124_SRF_0.22-3,Deferribacteres,0.04353
TARA_124_SRF_0.22-3,Euryarchaeota,0.02621
TARA_124_SRF_0.22-3,other,0.02222
TARA_124_SRF_0.22-3,Proteobacteria,0.58229
TARA_124_SRF_0.22-3,undef,0.0429
TARA_125_MIX_0.22-3,Actinobacteria,0.02467
TARA_125_MIX_0.22-3,Bacteroidetes,0.01982
TARA_125_MIX_0.22-3,Chloroflexi,0.03304
TARA_125_MIX_0.22-3,Deferribacteres,0.06373
TARA_125_MIX_0.22-3,Euryarchaeota,0.03902
TARA_125_MIX_0.22-3,other,0.04503
TARA_125_MIX_0.22-3,Proteobacteria,0.57109
TARA_125_MIX_0.22-3,Thaumarchaeota,0.09001
TARA_125_MIX_0.22-3,undef,0.11356
TARA_125_SRF_0.22-3,Actinobacteria,0.05773
TARA_125_SRF_0.22-3,Bacteroidetes,0.06155
TARA_125_SRF_0.22-3,Cyanobacteria,0.10268
TARA_125_SRF_0.22-3,Deferribacteres,0.04165
TARA_125_SRF_0.22-3,Euryarchaeota,0.04059
TARA_125_SRF_0.22-3,other,0.01783
TARA_125_SRF_0.22-3,Proteobacteria,0.64887
TARA_125_SRF_0.22-3,undef,0.02912
TARA_128_DCM_0.22-3,Actinobacteria,0.03601
TARA_128_DCM_0.22-3,Bacteroidetes,0.0893
TARA_128_DCM_0.22-3,Cyanobacteria,0.1102
TARA_128_DCM_0.22-3,Deferribacteres,0.03723
TARA_128_DCM_0.22-3,Euryarchaeota,0.04496
TARA_128_DCM_0.22-3,other,0.01209
TARA_128_DCM_0.22-3,Proteobacteria,0.59839
TARA_128_DCM_0.22-3,undef,0.06155
TARA_128_DCM_0.22-3,Verrucomicrobia,0.01027
TARA_128_SRF_0.22-3,Actinobacteria,0.03313
TARA_128_SRF_0.22-3,Bacteroidetes,0.10745
TARA_128_SRF_0.22-3,Cyanobacteria,0.15669
TARA_128_SRF_0.22-3,Deferribacteres,0.03728
TARA_128_SRF_0.22-3,Euryarchaeota,0.04373
TARA_128_SRF_0.22-3,other,0.01856
TARA_128_SRF_0.22-3,Proteobacteria,0.54293
TARA_128_SRF_0.22-3,undef,0.06024
TARA_132_DCM_0.22-3,Actinobacteria,0.041
TARA_132_DCM_0.22-3,Bacteroidetes,0.06663
TARA_132_DCM_0.22-3,Cyanobacteria,0.1063
TARA_132_DCM_0.22-3,Deferribacteres,0.08282
TARA_132_DCM_0.22-3,Euryarchaeota,0.08886
TARA_132_DCM_0.22-3,other,0.02025
TARA_132_DCM_0.22-3,Proteobacteria,0.48896
TARA_132_DCM_0.22-3,Thaumarchaeota,0.01238
TARA_132_DCM_0.22-3,undef,0.09282
TARA_132_MES_0.22-3,Acidobacteria,0.01029
TARA_132_MES_0.22-3,Actinobacteria,0.0273
TARA_132_MES_0.22-3,Bacteroidetes,0.021
TARA_132_MES_0.22-3,Chloroflexi,0.03058
TARA_132_MES_0.22-3,Deferribacteres,0.09184
TARA_132_MES_0.22-3,Euryarchaeota,0.03486
TARA_132_MES_0.22-3,other,0.01723
TARA_132_MES_0.22-3,Planctomycetes,0.01178
TARA_132_MES_0.22-3,Proteobacteria,0.56441
TARA_132_MES_0.22-3,Thaumarchaeota,0.10568
TARA_132_MES_0.22-3,undef,0.07184
TARA_132_MES_0.22-3,Verrucomicrobia,0.01319
TARA_132_SRF_0.22-3,Actinobacteria,0.02521
TARA_132_SRF_0.22-3,Bacteroidetes,0.05777
TARA_132_SRF_0.22-3,Cyanobacteria,0.17628
TARA_132_SRF_0.22-3,Deferribacteres,0.02295
TARA_132_SRF_0.22-3,Euryarchaeota,0.01662
TARA_132_SRF_0.22-3,other,0.01252
TARA_132_SRF_0.22-3,Proteobacteria,0.65885
TARA_132_SRF_0.22-3,undef,0.02982
TARA_133_DCM_0.22-3,Actinobacteria,0.04108
TARA_133_DCM_0.22-3,Bacteroidetes,0.09285
TARA_133_DCM_0.22-3,Cyanobacteria,0.09459
TARA_133_DCM_0.22-3,Deferribacteres,0.03333
TARA_133_DCM_0.22-3,Euryarchaeota,0.0376
TARA_133_DCM_0.22-3,other,0.01107
TARA_133_DCM_0.22-3,Proteobacteria,0.62583
TARA_133_DCM_0.22-3,undef,0.04927
TARA_133_DCM_0.22-3,Verrucomicrobia,0.01436
TARA_133_MES_0.22-3,Actinobacteria,0.03564
TARA_133_MES_0.22-3,Bacteroidetes,0.02527
TARA_133_MES_0.22-3,Chloroflexi,0.01159
TARA_133_MES_0.22-3,Deferribacteres,0.09467
TARA_133_MES_0.22-3,Euryarchaeota,0.04156
TARA_133_MES_0.22-3,other,0.021159999999999998
TARA_133_MES_0.22-3,Planctomycetes,0.01119
TARA_133_MES_0.22-3,Proteobacteria,0.51472
TARA_133_MES_0.22-3,Thaumarchaeota,0.19377
TARA_133_MES_0.22-3,undef,0.03692
TARA_133_MES_0.22-3,Verrucomicrobia,0.01352
TARA_133_SRF_0.22-3,Actinobacteria,0.02265
TARA_133_SRF_0.22-3,Bacteroidetes,0.08993
TARA_133_SRF_0.22-3,Cyanobacteria,0.09879
TARA_133_SRF_0.22-3,Deferribacteres,0.01205
TARA_133_SRF_0.22-3,Euryarchaeota,0.01165
TARA_133_SRF_0.22-3,other,0.005569999999999999
TARA_133_SRF_0.22-3,Proteobacteria,0.6938
TARA_133_SRF_0.22-3,undef,0.03134
TARA_133_SRF_0.22-3,Verrucomicrobia,0.03423
TARA_137_DCM_0.22-3,Actinobacteria,0.02915
TARA_137_DCM_0.22-3,Bacteroidetes,0.01287
TARA_137_DCM_0.22-3,Chloroflexi,0.01676
TARA_137_DCM_0.22-3,Cyanobacteria,0.02611
TARA_137_DCM_0.22-3,Deferribacteres,0.15675
TARA_137_DCM_0.22-3,Euryarchaeota,0.01866
TARA_137_DCM_0.22-3,other,0.01743
TARA_137_DCM_0.22-3,Planctomycetes,0.05754
TARA_137_DCM_0.22-3,Proteobacteria,0.53991
TARA_137_DCM_0.22-3,Thaumarchaeota,0.0115
TARA_137_DCM_0.22-3,undef,0.09673
TARA_137_DCM_0.22-3,Verrucomicrobia,0.01659
TARA_137_MES_0.22-3,Actinobacteria,0.02469
TARA_137_MES_0.22-3,Bacteroidetes,0.01152
TARA_137_MES_0.22-3,Chloroflexi,0.02779
TARA_137_MES_0.22-3,Deferribacteres,0.16974
TARA_137_MES_0.22-3,Euryarchaeota,0.0185
TARA_137_MES_0.22-3,other,0.02051
TARA_137_MES_0.22-3,Planctomycetes,0.04543
TARA_137_MES_0.22-3,Proteobacteria,0.47479
TARA_137_MES_0.22-3,Thaumarchaeota,0.07098
TARA_137_MES_0.22-3,undef,0.12182
TARA_137_MES_0.22-3,Verrucomicrobia,0.01425
TARA_137_SRF_0.22-3,Actinobacteria,0.0535
TARA_137_SRF_0.22-3,Bacteroidetes,0.08825
TARA_137_SRF_0.22-3,Cyanobacteria,0.12327
TARA_137_SRF_0.22-3,Deferribacteres,0.03678
TARA_137_SRF_0.22-3,Euryarchaeota,0.02301
TARA_137_SRF_0.22-3,other,0.010709999999999999
TARA_137_SRF_0.22-3,Proteobacteria,0.63727
TARA_137_SRF_0.22-3,undef,0.02723
TARA_138_DCM_0.22-3,Actinobacteria,0.05887
TARA_138_DCM_0.22-3,Bacteroidetes,0.05485
TARA_138_DCM_0.22-3,Cyanobacteria,0.11063
TARA_138_DCM_0.22-3,Deferribacteres,0.05263
TARA_138_DCM_0.22-3,Euryarchaeota,0.05629
TARA_138_DCM_0.22-3,other,0.01157
TARA_138_DCM_0.22-3,Proteobacteria,0.57709
TARA_138_DCM_0.22-3,Thaumarchaeota,0.01102
TARA_138_DCM_0.22-3,undef,0.06701
TARA_138_MES_0.22-3,Actinobacteria,0.02419
TARA_138_MES_0.22-3,Bacteroidetes,0.01208
TARA_138_MES_0.22-3,Chloroflexi,0.02437
TARA_138_MES_0.22-3,Deferribacteres,0.15737
TARA_138_MES_0.22-3,Euryarchaeota,0.01619
TARA_138_MES_0.22-3,other,0.0342
TARA_138_MES_0.22-3,Planctomycetes,0.06011
TARA_138_MES_0.22-3,Proteobacteria,0.48697
TARA_138_MES_0.22-3,Thaumarchaeota,0.06059
TARA_138_MES_0.22-3,undef,0.12393
TARA_138_SRF_0.22-3,Actinobacteria,0.03892
TARA_138_SRF_0.22-3,Bacteroidetes,0.05381
TARA_138_SRF_0.22-3,Cyanobacteria,0.18226
TARA_138_SRF_0.22-3,Deferribacteres,0.02506
TARA_138_SRF_0.22-3,Euryarchaeota,0.01979
TARA_138_SRF_0.22-3,other,0.014410000000000001
TARA_138_SRF_0.22-3,Proteobacteria,0.62549
TARA_138_SRF_0.22-3,undef,0.04027
TARA_140_SRF_0.22-3,Actinobacteria,0.06146
TARA_140_SRF_0.22-3,Bacteroidetes,0.06688
TARA_140_SRF_0.22-3,Cyanobacteria,0.14959
TARA_140_SRF_0.22-3,Deferribacteres,0.02702
TARA_140_SRF_0.22-3,Euryarchaeota,0.01448
TARA_140_SRF_0.22-3,other,0.01135
TARA_140_SRF_0.22-3,Proteobacteria,0.62368
TARA_140_SRF_0.22-3,undef,0.0262
TARA_140_SRF_0.22-3,Verrucomicrobia,0.01936
TARA_141_SRF_0.22-3,Actinobacteria,0.04392
TARA_141_SRF_0.22-3,Bacteroidetes,0.09689
TARA_141_SRF_0.22-3,Cyanobacteria,0.23354
TARA_141_SRF_0.22-3,Deferribacteres,0.01685
TARA_141_SRF_0.22-3,other,0.0176
TARA_141_SRF_0.22-3,Proteobacteria,0.55571
TARA_141_SRF_0.22-3,undef,0.02409
TARA_141_SRF_0.22-3,Verrucomicrobia,0.0114
TARA_142_DCM_0.22-3,Actinobacteria,0.04024
TARA_142_DCM_0.22-3,Bacteroidetes,0.08247
TARA_142_DCM_0.22-3,Cyanobacteria,0.11558
TARA_142_DCM_0.22-3,Deferribacteres,0.04222
TARA_142_DCM_0.22-3,Euryarchaeota,0.07798
TARA_142_DCM_0.22-3,other,0.026770000000000002
TARA_142_DCM_0.22-3,Proteobacteria,0.57241
TARA_142_DCM_0.22-3,undef,0.04235
TARA_142_MES_0.22-3,Actinobacteria,0.02816
TARA_142_MES_0.22-3,Bacteroidetes,0.06201
TARA_142_MES_0.22-3,Chloroflexi,0.01054
TARA_142_MES_0.22-3,Deferribacteres,0.06392
TARA_142_MES_0.22-3,Euryarchaeota,0.02693
TARA_142_MES_0.22-3,other,0.03275
TARA_142_MES_0.22-3,Proteobacteria,0.58274
TARA_142_MES_0.22-3,Thaumarchaeota,0.14526
TARA_142_MES_0.22-3,undef,0.04771
TARA_142_SRF_0.22-3,Actinobacteria,0.0453
TARA_142_SRF_0.22-3,Bacteroidetes,0.06358
TARA_142_SRF_0.22-3,Cyanobacteria,0.13622
TARA_142_SRF_0.22-3,Deferribacteres,0.04311
TARA_142_SRF_0.22-3,Euryarchaeota,0.06304
TARA_142_SRF_0.22-3,other,0.02282
TARA_142_SRF_0.22-3,Proteobacteria,0.57805
TARA_142_SRF_0.22-3,undef,0.04791
TARA_145_MES_0.22-3,Acidobacteria,0.01067
TARA_145_MES_0.22-3,Actinobacteria,0.03411
TARA_145_MES_0.22-3,Bacteroidetes,0.04788
TARA_145_MES_0.22-3,Chloroflexi,0.03237
TARA_145_MES_0.22-3,Deferribacteres,0.09409
TARA_145_MES_0.22-3,Euryarchaeota,0.04164
TARA_145_MES_0.22-3,other,0.0167
TARA_145_MES_0.22-3,Planctomycetes,0.01017
TARA_145_MES_0.22-3,Proteobacteria,0.47612
TARA_145_MES_0.22-3,Thaumarchaeota,0.15979
TARA_145_MES_0.22-3,undef,0.06235
TARA_145_MES_0.22-3,Verrucomicrobia,0.01411
TARA_145_SRF_0.22-3,Actinobacteria,0.02058
TARA_145_SRF_0.22-3,Bacteroidetes,0.059
TARA_145_SRF_0.22-3,Chloroflexi,0.01021
TARA_145_SRF_0.22-3,Cyanobacteria,0.12404
TARA_145_SRF_0.22-3,Deferribacteres,0.03515
TARA_145_SRF_0.22-3,Euryarchaeota,0.06716
TARA_145_SRF_0.22-3,other,0.012539999999999999
TARA_145_SRF_0.22-3,Proteobacteria,0.54023
TARA_145_SRF_0.22-3,Thaumarchaeota,0.0389
TARA_145_SRF_0.22-3,undef,0.09218
TARA_146_MES_0.22-3,Actinobacteria,0.02977
TARA_146_MES_0.22-3,Bacteroidetes,0.02714
TARA_146_MES_0.22-3,Chloroflexi,0.03588
TARA_146_MES_0.22-3,Deferribacteres,0.09812
TARA_146_MES_0.22-3,Euryarchaeota,0.03929
TARA_146_MES_0.22-3,other,0.02377
TARA_146_MES_0.22-3,Planctomycetes,0.01101
TARA_146_MES_0.22-3,Proteobacteria,0.50994
TARA_146_MES_0.22-3,Thaumarchaeota,0.13865
TARA_146_MES_0.22-3,undef,0.07505
TARA_146_MES_0.22-3,Verrucomicrobia,0.01136
TARA_146_SRF_0.22-3,Actinobacteria,0.02966
TARA_146_SRF_0.22-3,Bacteroidetes,0.04474
TARA_146_SRF_0.22-3,Chloroflexi,0.01043
TARA_146_SRF_0.22-3,Cyanobacteria,0.10919
TARA_146_SRF_0.22-3,Deferribacteres,0.04612
TARA_146_SRF_0.22-3,Euryarchaeota,0.04346
TARA_146_SRF_0.22-3,other,0.01589
TARA_146_SRF_0.22-3,Proteobacteria,0.56881
TARA_146_SRF_0.22-3,Thaumarchaeota,0.05474
TARA_146_SRF_0.22-3,undef,0.07699
TARA_148_SRF_0.22-3,Actinobacteria,0.03446
TARA_148_SRF_0.22-3,Bacteroidetes,0.06286
TARA_148_SRF_0.22-3,Cyanobacteria,0.13967
TARA_148_SRF_0.22-3,Deferribacteres,0.03548
TARA_148_SRF_0.22-3,Euryarchaeota,0.04579
TARA_148_SRF_0.22-3,other,0.02059
TARA_148_SRF_0.22-3,Proteobacteria,0.58267
TARA_148_SRF_0.22-3,Thaumarchaeota,0.02302
TARA_148_SRF_0.22-3,undef,0.05545
TARA_148b_MES_0.22-3,Actinobacteria,0.01992
TARA_148b_MES_0.22-3,Bacteroidetes,0.03411
TARA_148b_MES_0.22-3,Chloroflexi,0.04049
TARA_148b_MES_0.22-3,Deferribacteres,0.09662
TARA_148b_MES_0.22-3,Euryarchaeota,0.07767
TARA_148b_MES_0.22-3,other,0.03213
TARA_148b_MES_0.22-3,Planctomycetes,0.01112
TARA_148b_MES_0.22-3,Proteobacteria,0.45436
TARA_148b_MES_0.22-3,Thaumarchaeota,0.10595
TARA_148b_MES_0.22-3,undef,0.12762
TARA_149_MES_0.22-3,Actinobacteria,0.02699
TARA_149_MES_0.22-3,Bacteroidetes,0.02679
TARA_149_MES_0.22-3,Chloroflexi,0.02897
TARA_149_MES_0.22-3,Deferribacteres,0.08505
TARA_149_MES_0.22-3,Euryarchaeota,0.03126
TARA_149_MES_0.22-3,other,0.02242
TARA_149_MES_0.22-3,Planctomycetes,0.01035
TARA_149_MES_0.22-3,Proteobacteria,0.5275
TARA_149_MES_0.22-3,Thaumarchaeota,0.16484
TARA_149_MES_0.22-3,undef,0.06577
TARA_149_MES_0.22-3,Verrucomicrobia,0.01005
TARA_149_SRF_0.22-3,Actinobacteria,0.037
TARA_149_SRF_0.22-3,Bacteroidetes,0.06959
TARA_149_SRF_0.22-3,Cyanobacteria,0.14297
TARA_149_SRF_0.22-3,Deferribacteres,0.03928
TARA_149_SRF_0.22-3,Euryarchaeota,0.06317
TARA_149_SRF_0.22-3,other,0.015179999999999999
TARA_149_SRF_0.22-3,Proteobacteria,0.54135
TARA_149_SRF_0.22-3,Thaumarchaeota,0.02623
TARA_149_SRF_0.22-3,undef,0.06523
TARA_150_DCM_0.22-3,Actinobacteria,0.04231
TARA_150_DCM_0.22-3,Bacteroidetes,0.06871
TARA_150_DCM_0.22-3,Cyanobacteria,0.13271
TARA_150_DCM_0.22-3,Deferribacteres,0.02562
TARA_150_DCM_0.22-3,Euryarchaeota,0.03474
TARA_150_DCM_0.22-3,other,0.01927
TARA_150_DCM_0.22-3,Proteobacteria,0.6212
TARA_150_DCM_0.22-3,undef,0.05544
TARA_150_SRF_0.22-3,Actinobacteria,0.03764
TARA_150_SRF_0.22-3,Bacteroidetes,0.06484
TARA_150_SRF_0.22-3,Cyanobacteria,0.16755
TARA_150_SRF_0.22-3,Deferribacteres,0.02644
TARA_150_SRF_0.22-3,Euryarchaeota,0.03307
TARA_150_SRF_0.22-3,other,0.02349
TARA_150_SRF_0.22-3,Proteobacteria,0.59042
TARA_150_SRF_0.22-3,undef,0.05657
TARA_151_DCM_0.22-3,Actinobacteria,0.04089
TARA_151_DCM_0.22-3,Bacteroidetes,0.05655
TARA_151_DCM_0.22-3,Cyanobacteria,0.06171
TARA_151_DCM_0.22-3,Deferribacteres,0.04822
TARA_151_DCM_0.22-3,Euryarchaeota,0.05767
TARA_151_DCM_0.22-3,other,0.01823
TARA_151_DCM_0.22-3,Proteobacteria,0.6017
TARA_151_DCM_0.22-3,Thaumarchaeota,0.03681
TARA_151_DCM_0.22-3,undef,0.06262
TARA_151_DCM_0.22-3,Verrucomicrobia,0.01562
TARA_151_SRF_0.22-3,Actinobacteria,0.04488
TARA_151_SRF_0.22-3,Bacteroidetes,0.0843
TARA_151_SRF_0.22-3,Cyanobacteria,0.10384
TARA_151_SRF_0.22-3,Deferribacteres,0.02839
TARA_151_SRF_0.22-3,Euryarchaeota,0.06095
TARA_151_SRF_0.22-3,other,0.01397
TARA_151_SRF_0.22-3,Proteobacteria,0.62
TARA_151_SRF_0.22-3,undef,0.04368
TARA_152_MES_0.22-3,Acidobacteria,0.01129
TARA_152_MES_0.22-3,Actinobacteria,0.02115
TARA_152_MES_0.22-3,Bacteroidetes,0.02519
TARA_152_MES_0.22-3,Chloroflexi,0.02724
TARA_152_MES_0.22-3,Deferribacteres,0.08354
TARA_152_MES_0.22-3,Euryarchaeota,0.02855
TARA_152_MES_0.22-3,other,0.03067
TARA_152_MES_0.22-3,Proteobacteria,0.56243
TARA_152_MES_0.22-3,Thaumarchaeota,0.14095
TARA_152_MES_0.22-3,undef,0.069
TARA_152_MIX_0.22-3,Actinobacteria,0.03282
TARA_152_MIX_0.22-3,Bacteroidetes,0.09308
TARA_152_MIX_0.22-3,Cyanobacteria,0.10645
TARA_152_MIX_0.22-3,Deferribacteres,0.03718
TARA_152_MIX_0.22-3,Euryarchaeota,0.05456
TARA_152_MIX_0.22-3,other,0.017910000000000002
TARA_152_MIX_0.22-3,Proteobacteria,0.58999
TARA_152_MIX_0.22-3,Thaumarchaeota,0.02154
TARA_152_MIX_0.22-3,undef,0.04648
TARA_152_SRF_0.22-3,Actinobacteria,0.03399
TARA_152_SRF_0.22-3,Bacteroidetes,0.09464
TARA_152_SRF_0.22-3,Cyanobacteria,0.13658
TARA_152_SRF_0.22-3,Deferribacteres,0.03454
TARA_152_SRF_0.22-3,Euryarchaeota,0.0463
TARA_152_SRF_0.22-3,other,0.01366
TARA_152_SRF_0.22-3,Proteobacteria,0.58167
TARA_152_SRF_0.22-3,Thaumarchaeota,0.01451
TARA_152_SRF_0.22-3,undef,0.04409
